START,STOP,PATIENT,ENCOUNTER,CODE,SYSTEM,DESCRIPTION,TYPE,CATEGORY,REACTION1,DESCRIPTION1,SEVERITY1,REACTION2,DESCRIPTION2,SEVERITY2
1981-01-17,,6fbddf55-7096-b883-7cd3-260f27953080,6fbddf55-7096-b883-f6dd-b5d453669050,609328004,Unknown,Allergic disposition (finding),allergy,environment,,,,,,
1981-01-17,,6fbddf55-7096-b883-7cd3-260f27953080,6fbddf55-7096-b883-f6dd-b5d453669050,111088007,Unknown,Latex (substance),allergy,environment,247472004,Wheal (finding),MILD,,,
1981-01-17,,6fbddf55-7096-b883-7cd3-260f27953080,6fbddf55-7096-b883-f6dd-b5d453669050,288328004,Unknown,Bee venom (substance),allergy,environment,,,,,,
1981-01-17,,6fbddf55-7096-b883-7cd3-260f27953080,6fbddf55-7096-b883-f6dd-b5d453669050,84489001,Unknown,Mold (organism),allergy,environment,21626009,Cutaneous hypersensitivity (disorder),MILD,,,
1981-01-17,,6fbddf55-7096-b883-7cd3-260f27953080,6fbddf55-7096-b883-f6dd-b5d453669050,260147004,Unknown,House dust mite (organism),allergy,environment,,,,,,
1981-01-17,,6fbddf55-7096-b883-7cd3-260f27953080,6fbddf55-7096-b883-f6dd-b5d453669050,264287008,Unknown,Animal dander (substance),allergy,environment,878820003,Rhinoconjunctivitis (disorder),MODERATE,247472004,Wheal (finding),MILD
1981-01-17,,6fbddf55-7096-b883-7cd3-260f27953080,6fbddf55-7096-b883-f6dd-b5d453669050,256277009,Unknown,Grass pollen (substance),allergy,environment,,,,,,
1981-01-17,,6fbddf55-7096-b883-7cd3-260f27953080,6fbddf55-7096-b883-f6dd-b5d453669050,782576004,Unknown,Tree pollen (substance),allergy,environment,,,,,,
1981-01-17,,6fbddf55-7096-b883-7cd3-260f27953080,6fbddf55-7096-b883-f6dd-b5d453669050,7984,Unknown,Penicillin V,allergy,medication,271807003,Eruption of skin (disorder),MILD,,,
1981-01-17,,6fbddf55-7096-b883-7cd3-260f27953080,6fbddf55-7096-b883-f6dd-b5d453669050,3718001,Unknown,Cow's milk (substance),allergy,food,39579001,Anaphylaxis (disorder),SEVERE,300359004,Finding of vomiting (finding),MODERATE
1981-01-17,,6fbddf55-7096-b883-7cd3-260f27953080,6fbddf55-7096-b883-f6dd-b5d453669050,735971005,Unknown,Fish (substance),allergy,food,271807003,Eruption of skin (disorder),MILD,,,
1959-10-07,,aa616abe-1761-0c9a-7959-07544679dafd,aa616abe-1761-0c9a-54eb-7c3a65dee0bf,609328004,Unknown,Allergic disposition (finding),allergy,environment,,,,,,
1959-10-07,,aa616abe-1761-0c9a-7959-07544679dafd,aa616abe-1761-0c9a-54eb-7c3a65dee0bf,84489001,Unknown,Mold (organism),allergy,environment,21626009,Cutaneous hypersensitivity (disorder),MILD,,,
1959-10-07,,aa616abe-1761-0c9a-7959-07544679dafd,aa616abe-1761-0c9a-54eb-7c3a65dee0bf,735029006,Unknown,Shellfish (substance),allergy,food,39579001,Anaphylaxis (disorder),SEVERE,271807003,Eruption of skin (disorder),MODERATE
