participant_id,trial_type,go_rt_ms,stop_signal_delay_ms,outcome
sub-10159,GO,416.3,0.0,SuccessfulGo
sub-10159,GO,395.4,0.0,SuccessfulGo
sub-10159,GO,397.9,0.0,SuccessfulGo
sub-10159,GO,402.1,0.0,SuccessfulGo
sub-10159,GO,534.8,0.0,SuccessfulGo
sub-10159,GO,371.2,0.0,SuccessfulGo
sub-10159,STOP,699.6,672.1,UnsuccessfulStop
sub-10159,STOP,0,454.0,SuccessfulStop
sub-10159,GO,662.5,0.0,SuccessfulGo
sub-10159,STOP,0,501.3,SuccessfulStop
sub-10159,GO,493.7,0.0,SuccessfulGo
sub-10159,STOP,0,304.7,SuccessfulStop
sub-10159,GO,631.3,0.0,SuccessfulGo
sub-10159,GO,515.6,0.0,SuccessfulGo
sub-10159,GO,596.5,0.0,SuccessfulGo
sub-10159,GO,401.5,0.0,SuccessfulGo
sub-10159,GO,490.1,0.0,SuccessfulGo
sub-10159,STOP,482.8,0.0,UnsuccessfulStop
sub-10159,GO,524.9,0.0,SuccessfulGo
sub-10159,STOP,435.5,354.6,UnsuccessfulStop
sub-10159,GO,896.1,0.0,SuccessfulGo
sub-10159,GO,476.8,0.0,SuccessfulGo
sub-10159,GO,448.7,0.0,SuccessfulGo
sub-10159,GO,558.0,0.0,SuccessfulGo
sub-10159,GO,451.0,0.0,SuccessfulGo
sub-10159,GO,379.9,0.0,SuccessfulGo
sub-10159,GO,427.0,0.0,SuccessfulGo
sub-10159,GO,399.1,0.0,SuccessfulGo
sub-10159,GO,508.2,0.0,SuccessfulGo
sub-10159,STOP,419.5,305.2,UnsuccessfulStop
sub-10159,GO,639.3,0.0,SuccessfulGo
sub-10159,STOP,464.7,0.0,UnsuccessfulStop
sub-10159,STOP,534.5,453.4,UnsuccessfulStop
sub-10159,GO,750.3,0.0,SuccessfulGo
sub-10159,GO,652.0,0.0,SuccessfulGo
sub-10159,GO,559.7,0.0,SuccessfulGo
sub-10159,GO,548.4,0.0,SuccessfulGo
sub-10159,STOP,0,252.4,SuccessfulStop
sub-10159,GO,494.5,0.0,SuccessfulGo
sub-10159,GO,443.5,0.0,SuccessfulGo
sub-10159,GO,494.0,0.0,SuccessfulGo
sub-10159,GO,480.6,0.0,SuccessfulGo
sub-10159,GO,520.4,0.0,SuccessfulGo
sub-10159,GO,438.2,0.0,SuccessfulGo
sub-10159,GO,533.2,0.0,SuccessfulGo
sub-10159,STOP,0,304.4,SuccessfulStop
sub-10159,GO,594.2,0.0,SuccessfulGo
sub-10159,STOP,470.5,405.6,UnsuccessfulStop
sub-10159,GO,901.1,0.0,SuccessfulGo
sub-10159,GO,635.7,0.0,SuccessfulGo
sub-10159,GO,460.3,0.0,SuccessfulGo
sub-10159,STOP,505.6,352.4,UnsuccessfulStop
sub-10159,STOP,0,352.5,SuccessfulStop
sub-10159,GO,708.9,0.0,SuccessfulGo
sub-10159,GO,602.8,0.0,SuccessfulGo
sub-10159,GO,500.5,0.0,SuccessfulGo
sub-10159,GO,599.2,0.0,SuccessfulGo
sub-10159,GO,541.3,0.0,SuccessfulGo
sub-10159,STOP,396.6,301.3,UnsuccessfulStop
sub-10159,STOP,0,403.4,SuccessfulStop
sub-10159,GO,570.3,0.0,SuccessfulGo
sub-10159,GO,466.4,0.0,SuccessfulGo
sub-10159,GO,544.3,0.0,SuccessfulGo
sub-10159,GO,525.3,0.0,SuccessfulGo
sub-10159,GO,397.5,0.0,SuccessfulGo
sub-10159,GO,359.4,0.0,SuccessfulGo
sub-10159,GO,585.4,0.0,SuccessfulGo
sub-10159,STOP,0,252.6,SuccessfulStop
sub-10159,STOP,496.5,454.2,UnsuccessfulStop
sub-10159,GO,736.6,0.0,SuccessfulGo
sub-10159,GO,654.9,0.0,SuccessfulGo
sub-10159,GO,614.0,0.0,SuccessfulGo
sub-10159,GO,613.2,0.0,SuccessfulGo
sub-10159,GO,493.7,0.0,SuccessfulGo
sub-10159,STOP,0,304.8,SuccessfulStop
sub-10159,GO,604.0,0.0,SuccessfulGo
sub-10159,GO,597.6,0.0,SuccessfulGo
sub-10159,GO,657.8,0.0,SuccessfulGo
sub-10159,STOP,0,401.9,SuccessfulStop
sub-10159,GO,622.4,0.0,SuccessfulGo
sub-10159,GO,581.5,0.0,SuccessfulGo
sub-10159,GO,545.6,0.0,SuccessfulGo
sub-10159,GO,618.5,0.0,SuccessfulGo
sub-10159,GO,611.5,0.0,SuccessfulGo
sub-10159,GO,527.9,0.0,SuccessfulGo
sub-10159,GO,720.8,0.0,SuccessfulGo
sub-10159,STOP,0,451.7,SuccessfulStop
sub-10159,STOP,0,355.2,SuccessfulStop
sub-10159,STOP,0,404.6,SuccessfulStop
sub-10159,GO,655.9,0.0,SuccessfulGo
sub-10159,STOP,445.2,0.0,UnsuccessfulStop
sub-10159,GO,370.3,0.0,SuccessfulGo
sub-10159,GO,440.8,0.0,SuccessfulGo
sub-10159,GO,510.0,0.0,SuccessfulGo
sub-10159,GO,457.1,0.0,SuccessfulGo
sub-10159,GO,499.8,0.0,SuccessfulGo
sub-10159,GO,412.8,0.0,SuccessfulGo
sub-10159,GO,441.0,0.0,SuccessfulGo
sub-10159,GO,452.3,0.0,SuccessfulGo
sub-10159,STOP,0,768.0,SuccessfulStop
sub-10159,STOP,0,454.0,SuccessfulStop
sub-10159,GO,563.4,0.0,SuccessfulGo
sub-10159,GO,491.2,0.0,SuccessfulGo
sub-10159,GO,622.6,0.0,SuccessfulGo
sub-10159,GO,612.0,0.0,SuccessfulGo
sub-10159,GO,0,0.0,UnuccessfulGo
sub-10159,GO,700.9,0.0,SuccessfulGo
sub-10159,GO,530.5,0.0,SuccessfulGo
sub-10159,GO,632.2,0.0,SuccessfulGo
sub-10159,STOP,556.9,502.2,UnsuccessfulStop
sub-10159,STOP,0,501.4,SuccessfulStop
sub-10159,GO,568.4,0.0,SuccessfulGo
sub-10159,GO,803.4,0.0,SuccessfulGo
sub-10159,GO,0,0.0,UnuccessfulGo
sub-10159,GO,854.5,0.0,SuccessfulGo
sub-10159,GO,606.4,0.0,SuccessfulGo
sub-10159,STOP,527.0,0.0,UnsuccessfulStop
sub-10159,STOP,0,451.5,SuccessfulStop
sub-10159,GO,850.1,0.0,SuccessfulGo
sub-10159,GO,294.2,0.0,SuccessfulGo
sub-10159,GO,280.2,0.0,SuccessfulGo
sub-10159,GO,272.0,0.0,SuccessfulGo
sub-10159,GO,541.8,0.0,SuccessfulGo
sub-10159,STOP,334.7,0.0,UnsuccessfulStop
sub-10159,STOP,444.8,0.0,UnsuccessfulStop
sub-10159,GO,552.8,0.0,SuccessfulGo
sub-10159,GO,515.8,0.0,SuccessfulGo
sub-10159,GO,383.6,0.0,SuccessfulGo
sub-10171,GO,510.1,0.0,SuccessfulGo
sub-10171,GO,529.5,0.0,SuccessfulGo
sub-10171,GO,333.1,0.0,SuccessfulGo
sub-10171,GO,355.5,0.0,SuccessfulGo
sub-10171,GO,331.1,0.0,SuccessfulGo
sub-10171,STOP,0,153.5,SuccessfulStop
sub-10171,STOP,322.8,150.5,UnsuccessfulStop
sub-10171,GO,372.3,0.0,SuccessfulGo
sub-10171,STOP,0,104.0,SuccessfulStop
sub-10171,STOP,359.9,203.9,UnsuccessfulStop
sub-10171,GO,461.4,0.0,SuccessfulGo
sub-10171,GO,367.7,0.0,SuccessfulGo
sub-10171,GO,419.9,0.0,SuccessfulGo
sub-10171,GO,365.6,0.0,SuccessfulGo
sub-10171,GO,379.9,0.0,SuccessfulGo
sub-10171,GO,388.0,0.0,SuccessfulGo
sub-10171,GO,401.3,0.0,SuccessfulGo
sub-10171,STOP,0,153.5,SuccessfulStop
sub-10171,STOP,0,152.3,SuccessfulStop
sub-10171,GO,456.6,0.0,SuccessfulGo
sub-10171,GO,422.2,0.0,SuccessfulGo
sub-10171,GO,429.2,0.0,SuccessfulGo
sub-10171,GO,352.9,0.0,SuccessfulGo
sub-10171,GO,391.6,0.0,SuccessfulGo
sub-10171,STOP,414.6,201.5,UnsuccessfulStop
sub-10171,GO,411.6,0.0,SuccessfulGo
sub-10171,STOP,0,203.2,SuccessfulStop
sub-10171,GO,426.3,0.0,SuccessfulGo
sub-10171,GO,408.1,0.0,SuccessfulGo
sub-10171,GO,457.9,0.0,SuccessfulGo
sub-10171,GO,395.4,0.0,SuccessfulGo
sub-10171,GO,323.8,0.0,SuccessfulGo
sub-10171,GO,409.0,0.0,SuccessfulGo
sub-10171,GO,379.4,0.0,SuccessfulGo
sub-10171,GO,620.5,0.0,SuccessfulGo
sub-10171,GO,377.8,0.0,SuccessfulGo
sub-10171,GO,349.0,0.0,SuccessfulGo
sub-10171,STOP,386.8,250.9,UnsuccessfulStop
sub-10171,STOP,0,153.2,SuccessfulStop
sub-10171,GO,543.0,0.0,SuccessfulGo
sub-10171,GO,434.9,0.0,SuccessfulGo
sub-10171,STOP,343.2,200.8,UnsuccessfulStop
sub-10171,GO,644.5,0.0,SuccessfulGo
sub-10171,STOP,0,204.7,SuccessfulStop
sub-10171,GO,395.1,0.0,SuccessfulGo
sub-10171,GO,701.4,0.0,SuccessfulGo
sub-10171,GO,408.2,0.0,SuccessfulGo
sub-10171,GO,393.1,0.0,SuccessfulGo
sub-10171,GO,403.2,0.0,SuccessfulGo
sub-10171,GO,357.1,0.0,JUNK
sub-10171,STOP,0,152.2,SuccessfulStop
sub-10171,GO,438.0,0.0,SuccessfulGo
sub-10171,GO,485.0,0.0,SuccessfulGo
sub-10171,GO,523.1,0.0,SuccessfulGo
sub-10171,GO,774.3,0.0,SuccessfulGo
sub-10171,STOP,0,251.0,SuccessfulStop
sub-10171,GO,434.5,0.0,SuccessfulGo
sub-10171,GO,358.7,0.0,SuccessfulGo
sub-10171,GO,396.6,0.0,SuccessfulGo
sub-10171,STOP,0,304.1,SuccessfulStop
sub-10171,GO,971.4,0.0,SuccessfulGo
sub-10171,STOP,385.5,202.7,UnsuccessfulStop
sub-10171,GO,455.5,0.0,SuccessfulGo
sub-10171,GO,522.2,0.0,SuccessfulGo
sub-10171,STOP,433.0,350.8,UnsuccessfulStop
sub-10171,GO,376.9,0.0,SuccessfulGo
sub-10171,GO,484.3,0.0,SuccessfulGo
sub-10171,GO,570.8,0.0,SuccessfulGo
sub-10171,STOP,0,154.1,SuccessfulStop
sub-10171,GO,505.8,0.0,SuccessfulGo
sub-10171,GO,376.5,0.0,SuccessfulGo
sub-10171,GO,380.8,0.0,SuccessfulGo
sub-10171,GO,831.2,0.0,SuccessfulGo
sub-10171,GO,530.4,0.0,SuccessfulGo
sub-10171,GO,361.2,0.0,SuccessfulGo
sub-10171,GO,332.9,0.0,SuccessfulGo
sub-10171,GO,575.7,0.0,SuccessfulGo
sub-10171,GO,540.8,0.0,SuccessfulGo
sub-10171,STOP,507.5,200.7,UnsuccessfulStop
sub-10171,STOP,0,301.0,SuccessfulStop
sub-10171,STOP,0,353.9,SuccessfulStop
sub-10171,STOP,0,150.5,SuccessfulStop
sub-10171,GO,497.7,0.0,SuccessfulGo
sub-10171,GO,400.3,0.0,SuccessfulGo
sub-10171,GO,899.1,0.0,SuccessfulGo
sub-10171,GO,808.2,0.0,SuccessfulGo
sub-10171,GO,450.6,0.0,SuccessfulGo
sub-10171,GO,488.3,0.0,SuccessfulGo
sub-10171,GO,533.9,0.0,SuccessfulGo
sub-10171,GO,653.4,0.0,SuccessfulGo
sub-10171,GO,510.7,0.0,SuccessfulGo
sub-10171,GO,598.1,0.0,SuccessfulGo
sub-10171,STOP,591.4,201.2,UnsuccessfulStop
sub-10171,STOP,440.3,402.8,UnsuccessfulStop
sub-10171,GO,550.3,0.0,SuccessfulGo
sub-10171,GO,394.9,0.0,SuccessfulGo
sub-10171,GO,474.2,0.0,SuccessfulGo
sub-10171,GO,358.2,0.0,SuccessfulGo
sub-10171,STOP,0,351.9,SuccessfulStop
sub-10171,GO,611.2,0.0,SuccessfulGo
sub-10171,STOP,0,152.2,SuccessfulStop
sub-10171,GO,497.6,0.0,SuccessfulGo
sub-10171,GO,474.3,0.0,SuccessfulGo
sub-10171,GO,487.7,0.0,SuccessfulGo
sub-10171,GO,557.7,0.0,SuccessfulGo
sub-10171,GO,403.7,0.0,SuccessfulGo
sub-10171,GO,811.0,0.0,SuccessfulGo
sub-10171,GO,409.5,0.0,SuccessfulGo
sub-10171,GO,378.4,0.0,SuccessfulGo
sub-10171,STOP,0,200.8,SuccessfulStop
sub-10171,GO,494.3,0.0,SuccessfulGo
sub-10171,STOP,369.9,0.0,UnsuccessfulStop
sub-10171,STOP,0,253.2,SuccessfulStop
sub-10171,GO,630.6,0.0,SuccessfulGo
sub-10171,GO,326.8,0.0,SuccessfulGo
sub-10171,GO,506.4,0.0,SuccessfulGo
sub-10171,GO,634.8,0.0,SuccessfulGo
sub-10171,GO,631.7,0.0,SuccessfulGo
sub-10171,GO,403.1,0.0,SuccessfulGo
sub-10171,STOP,387.7,352.0,UnsuccessfulStop
sub-10171,STOP,0,300.7,SuccessfulStop
sub-10171,STOP,380.3,304.7,UnsuccessfulStop
sub-10171,GO,468.9,0.0,SuccessfulGo
sub-10171,GO,1173.5,0.0,SuccessfulGo
sub-10171,GO,340.3,0.0,SuccessfulGo
sub-10171,GO,450.1,0.0,SuccessfulGo
sub-10171,GO,404.0,0.0,SuccessfulGo
sub-10171,GO,425.1,0.0,SuccessfulGo
sub-10189,STOP,517.5,61.9,UnsuccessfulStop
sub-10189,GO,474.9,0.0,SuccessfulGo
sub-10189,GO,418.4,0.0,SuccessfulGo
sub-10189,GO,346.6,0.0,SuccessfulGo
sub-10189,GO,287.6,0.0,SuccessfulGo
sub-10189,GO,351.1,0.0,SuccessfulGo
sub-10189,STOP,352.4,251.4,UnsuccessfulStop
sub-10189,GO,323.9,0.0,SuccessfulGo
sub-10189,GO,324.5,0.0,SuccessfulGo
sub-10189,GO,404.1,0.0,JUNK
sub-10189,GO,402.0,0.0,SuccessfulGo
sub-10189,GO,355.3,0.0,SuccessfulGo
sub-10189,GO,328.0,0.0,SuccessfulGo
sub-10189,GO,378.4,0.0,SuccessfulGo
sub-10189,STOP,377.6,5.6,UnsuccessfulStop
sub-10189,STOP,362.3,203.9,UnsuccessfulStop
sub-10189,STOP,0,155.6,SuccessfulStop
sub-10189,GO,394.5,0.0,SuccessfulGo
sub-10189,GO,395.8,0.0,SuccessfulGo
sub-10189,GO,424.9,0.0,SuccessfulGo
sub-10189,GO,360.1,0.0,JUNK
sub-10189,STOP,399.5,5.7,UnsuccessfulStop
sub-10189,GO,458.9,0.0,SuccessfulGo
sub-10189,GO,380.9,0.0,SuccessfulGo
sub-10189,GO,410.4,0.0,SuccessfulGo
sub-10189,STOP,351.6,202.6,UnsuccessfulStop
sub-10189,GO,542.3,0.0,SuccessfulGo
sub-10189,STOP,315.8,5.6,UnsuccessfulStop
sub-10189,GO,640.5,0.0,SuccessfulGo
sub-10189,GO,553.8,0.0,SuccessfulGo
sub-10189,GO,528.3,0.0,SuccessfulGo
sub-10189,GO,389.4,0.0,SuccessfulGo
sub-10189,GO,497.4,0.0,SuccessfulGo
sub-10189,GO,503.6,0.0,SuccessfulGo
sub-10189,STOP,0,5.9,SuccessfulStop
sub-10189,GO,312.0,0.0,SuccessfulGo
sub-10189,STOP,281.8,153.5,UnsuccessfulStop
sub-10189,GO,562.2,0.0,SuccessfulGo
sub-10189,GO,459.8,0.0,SuccessfulGo
sub-10189,GO,434.0,0.0,SuccessfulGo
sub-10189,GO,391.1,0.0,SuccessfulGo
sub-10189,GO,498.7,0.0,SuccessfulGo
sub-10189,GO,357.4,0.0,JUNK
sub-10189,GO,436.9,0.0,JUNK
sub-10189,STOP,404.5,104.9,UnsuccessfulStop
sub-10189,STOP,0,55.2,SuccessfulStop
sub-10189,GO,561.5,0.0,SuccessfulGo
sub-10189,GO,385.8,0.0,SuccessfulGo
sub-10189,GO,381.3,0.0,SuccessfulGo
sub-10189,GO,396.0,0.0,SuccessfulGo
sub-10189,STOP,362.5,52.2,UnsuccessfulStop
sub-10189,GO,471.7,0.0,SuccessfulGo
sub-10189,GO,464.9,0.0,SuccessfulGo
sub-10189,GO,373.5,0.0,SuccessfulGo
sub-10189,STOP,352.9,102.1,UnsuccessfulStop
sub-10189,GO,405.4,0.0,SuccessfulGo
sub-10189,STOP,0,5.6,SuccessfulStop
sub-10189,STOP,290.5,55.3,UnsuccessfulStop
sub-10189,GO,586.7,0.0,SuccessfulGo
sub-10189,GO,476.5,0.0,SuccessfulGo
sub-10189,GO,465.4,0.0,SuccessfulGo
sub-10189,GO,410.0,0.0,SuccessfulGo
sub-10189,GO,370.7,0.0,SuccessfulGo
sub-10189,GO,363.1,0.0,SuccessfulGo
sub-10189,GO,368.1,0.0,SuccessfulGo
sub-10189,GO,378.3,0.0,SuccessfulGo
sub-10189,STOP,0,54.6,SuccessfulStop
sub-10189,GO,614.1,0.0,SuccessfulGo
sub-10189,GO,335.6,0.0,SuccessfulGo
sub-10189,GO,384.4,0.0,SuccessfulGo
sub-10189,GO,497.9,0.0,SuccessfulGo
sub-10189,STOP,0,5.6,SuccessfulStop
sub-10189,STOP,0,51.5,SuccessfulStop
sub-10189,STOP,379.2,103.1,UnsuccessfulStop
sub-10189,GO,482.3,0.0,SuccessfulGo
sub-10189,GO,288.4,0.0,SuccessfulGo
sub-10189,GO,459.3,0.0,SuccessfulGo
sub-10189,GO,286.8,0.0,SuccessfulGo
sub-10189,GO,450.6,0.0,SuccessfulGo
sub-10189,GO,336.4,0.0,SuccessfulGo
sub-10189,GO,436.1,0.0,SuccessfulGo
sub-10189,GO,476.2,0.0,SuccessfulGo
sub-10189,GO,424.2,0.0,SuccessfulGo
sub-10189,GO,519.1,0.0,SuccessfulGo
sub-10189,GO,402.7,0.0,SuccessfulGo
sub-10189,GO,404.6,0.0,SuccessfulGo
sub-10189,STOP,467.6,366.9,UnsuccessfulStop
sub-10189,STOP,0,103.6,SuccessfulStop
sub-10189,STOP,0,155.1,SuccessfulStop
sub-10189,GO,384.2,0.0,SuccessfulGo
sub-10189,STOP,274.4,5.6,UnsuccessfulStop
sub-10189,GO,505.2,0.0,SuccessfulGo
sub-10189,GO,391.5,0.0,SuccessfulGo
sub-10189,GO,511.1,0.0,SuccessfulGo
sub-10189,GO,447.8,0.0,SuccessfulGo
sub-10189,GO,395.0,0.0,SuccessfulGo
sub-10189,GO,292.8,0.0,SuccessfulGo
sub-10189,GO,300.5,0.0,SuccessfulGo
sub-10189,GO,331.2,0.0,JUNK
sub-10189,GO,502.8,0.0,SuccessfulGo
sub-10189,STOP,520.6,517.2,UnsuccessfulStop
sub-10189,GO,404.5,0.0,SuccessfulGo
sub-10189,STOP,0,5.5,SuccessfulStop
sub-10189,GO,391.0,0.0,SuccessfulGo
sub-10189,STOP,0,55.3,SuccessfulStop
sub-10189,GO,497.2,0.0,SuccessfulGo
sub-10189,GO,398.7,0.0,SuccessfulGo
sub-10189,GO,295.0,0.0,SuccessfulGo
sub-10189,GO,280.6,0.0,SuccessfulGo
sub-10189,GO,277.8,0.0,SuccessfulGo
sub-10189,GO,332.5,0.0,SuccessfulGo
sub-10189,STOP,295.4,153.7,UnsuccessfulStop
sub-10189,GO,383.4,0.0,JUNK
sub-10189,GO,302.4,0.0,SuccessfulGo
sub-10189,GO,395.3,0.0,SuccessfulGo
sub-10189,GO,346.0,0.0,SuccessfulGo
sub-10189,GO,303.7,0.0,SuccessfulGo
sub-10189,GO,362.5,0.0,SuccessfulGo
sub-10189,STOP,326.4,104.5,UnsuccessfulStop
sub-10189,STOP,233.2,104.9,UnsuccessfulStop
sub-10189,STOP,270.8,54.6,UnsuccessfulStop
sub-10189,STOP,552.4,54.1,UnsuccessfulStop
sub-10189,GO,695.0,0.0,SuccessfulGo
sub-10189,GO,369.5,0.0,SuccessfulGo
sub-10189,GO,273.5,0.0,SuccessfulGo
sub-10189,GO,373.6,0.0,SuccessfulGo
sub-10189,GO,387.3,0.0,SuccessfulGo
sub-10189,GO,373.3,0.0,SuccessfulGo
sub-10206,GO,537.6,0.0,SuccessfulGo
sub-10206,GO,428.8,0.0,SuccessfulGo
sub-10206,GO,365.6,0.0,SuccessfulGo
sub-10206,GO,329.5,0.0,SuccessfulGo
sub-10206,GO,282.5,0.0,SuccessfulGo
sub-10206,GO,382.3,0.0,SuccessfulGo
sub-10206,STOP,0,152.8,SuccessfulStop
sub-10206,STOP,319.2,153.1,UnsuccessfulStop
sub-10206,STOP,349.4,204.0,UnsuccessfulStop
sub-10206,STOP,0,100.6,SuccessfulStop
sub-10206,GO,390.2,0.0,SuccessfulGo
sub-10206,GO,304.4,0.0,SuccessfulGo
sub-10206,GO,370.2,0.0,SuccessfulGo
sub-10206,GO,401.1,0.0,SuccessfulGo
sub-10206,GO,343.0,0.0,SuccessfulGo
sub-10206,GO,378.1,0.0,SuccessfulGo
sub-10206,GO,415.0,0.0,SuccessfulGo
sub-10206,STOP,307.3,150.5,UnsuccessfulStop
sub-10206,STOP,0,154.1,SuccessfulStop
sub-10206,GO,447.4,0.0,SuccessfulGo
sub-10206,GO,417.4,0.0,SuccessfulGo
sub-10206,GO,323.2,0.0,SuccessfulGo
sub-10206,GO,290.5,0.0,SuccessfulGo
sub-10206,GO,332.6,0.0,SuccessfulGo
sub-10206,GO,461.0,0.0,SuccessfulGo
sub-10206,GO,326.8,0.0,SuccessfulGo
sub-10206,GO,386.3,0.0,SuccessfulGo
sub-10206,STOP,0,204.5,SuccessfulStop
sub-10206,GO,325.2,0.0,SuccessfulGo
sub-10206,GO,420.6,0.0,SuccessfulGo
sub-10206,GO,293.0,0.0,JUNK
sub-10206,STOP,0,100.3,SuccessfulStop
sub-10206,GO,370.4,0.0,SuccessfulGo
sub-10206,GO,691.1,0.0,SuccessfulGo
sub-10206,GO,287.7,0.0,SuccessfulGo
sub-10206,GO,313.2,0.0,SuccessfulGo
sub-10206,STOP,335.8,151.4,UnsuccessfulStop
sub-10206,STOP,291.7,252.8,UnsuccessfulStop
sub-10206,GO,489.9,0.0,SuccessfulGo
sub-10206,GO,476.4,0.0,SuccessfulGo
sub-10206,GO,460.7,0.0,SuccessfulGo
sub-10206,GO,380.9,0.0,SuccessfulGo
sub-10206,GO,372.9,0.0,SuccessfulGo
sub-10206,GO,342.9,0.0,SuccessfulGo
sub-10206,GO,348.7,0.0,SuccessfulGo
sub-10206,GO,413.7,0.0,SuccessfulGo
sub-10206,STOP,441.3,203.8,UnsuccessfulStop
sub-10206,STOP,0,101.1,SuccessfulStop
sub-10206,STOP,0,150.9,SuccessfulStop
sub-10206,GO,386.5,0.0,SuccessfulGo
sub-10206,GO,509.4,0.0,SuccessfulGo
sub-10206,GO,761.1,0.0,SuccessfulGo
sub-10206,STOP,377.9,153.5,UnsuccessfulStop
sub-10206,GO,452.6,0.0,SuccessfulGo
sub-10206,GO,416.7,0.0,SuccessfulGo
sub-10206,GO,810.7,0.0,SuccessfulGo
sub-10206,GO,401.4,0.0,SuccessfulGo
sub-10206,GO,362.8,0.0,SuccessfulGo
sub-10206,GO,374.9,0.0,SuccessfulGo
sub-10206,STOP,282.7,105.0,UnsuccessfulStop
sub-10206,STOP,400.7,201.9,UnsuccessfulStop
sub-10206,GO,539.5,0.0,SuccessfulGo
sub-10206,GO,428.9,0.0,SuccessfulGo
sub-10206,GO,0,0.0,UnuccessfulGo
sub-10206,GO,333.7,0.0,SuccessfulGo
sub-10206,GO,376.6,0.0,SuccessfulGo
sub-10206,STOP,283.5,152.9,UnsuccessfulStop
sub-10206,GO,343.3,0.0,SuccessfulGo
sub-10206,GO,375.1,0.0,SuccessfulGo
sub-10206,GO,306.3,0.0,SuccessfulGo
sub-10206,GO,431.3,0.0,SuccessfulGo
sub-10206,STOP,0,53.3,SuccessfulStop
sub-10206,GO,313.0,0.0,SuccessfulGo
sub-10206,GO,364.9,0.0,SuccessfulGo
sub-10206,STOP,0,104.6,SuccessfulStop
sub-10206,STOP,267.8,102.6,UnsuccessfulStop
sub-10206,GO,414.6,0.0,SuccessfulGo
sub-10206,GO,363.9,0.0,SuccessfulGo
sub-10206,GO,380.1,0.0,SuccessfulGo
sub-10206,GO,355.1,0.0,SuccessfulGo
sub-10206,GO,303.0,0.0,SuccessfulGo
sub-10206,GO,422.6,0.0,SuccessfulGo
sub-10206,STOP,292.6,154.5,UnsuccessfulStop
sub-10206,GO,360.2,0.0,SuccessfulGo
sub-10206,GO,427.3,0.0,SuccessfulGo
sub-10206,STOP,0,52.1,SuccessfulStop
sub-10206,GO,399.1,0.0,SuccessfulGo
sub-10206,GO,357.0,0.0,SuccessfulGo
sub-10206,STOP,367.0,101.2,UnsuccessfulStop
sub-10206,STOP,492.9,103.6,UnsuccessfulStop
sub-10206,GO,638.4,0.0,SuccessfulGo
sub-10206,GO,535.6,0.0,SuccessfulGo
sub-10206,GO,445.4,0.0,SuccessfulGo
sub-10206,GO,0,0.0,UnuccessfulGo
sub-10206,GO,341.2,0.0,SuccessfulGo
sub-10206,GO,327.9,0.0,SuccessfulGo
sub-10206,GO,322.3,0.0,SuccessfulGo
sub-10206,GO,340.2,0.0,SuccessfulGo
sub-10206,GO,353.3,0.0,SuccessfulGo
sub-10206,GO,375.9,0.0,SuccessfulGo
sub-10206,STOP,0,50.8,SuccessfulStop
sub-10206,GO,376.5,0.0,SuccessfulGo
sub-10206,STOP,0,52.2,SuccessfulStop
sub-10206,GO,324.2,0.0,SuccessfulGo
sub-10206,GO,301.3,0.0,SuccessfulGo
sub-10206,GO,363.8,0.0,SuccessfulGo
sub-10206,GO,482.2,0.0,SuccessfulGo
sub-10206,GO,513.1,0.0,SuccessfulGo
sub-10206,STOP,0,103.8,SuccessfulStop
sub-10206,STOP,0,101.0,SuccessfulStop
sub-10206,GO,342.7,0.0,SuccessfulGo
sub-10206,GO,379.1,0.0,SuccessfulGo
sub-10206,GO,374.8,0.0,SuccessfulGo
sub-10206,GO,361.4,0.0,SuccessfulGo
sub-10206,GO,382.3,0.0,SuccessfulGo
sub-10206,GO,313.1,0.0,SuccessfulGo
sub-10206,STOP,0,154.8,SuccessfulStop
sub-10206,STOP,348.5,153.5,UnsuccessfulStop
sub-10206,GO,374.0,0.0,SuccessfulGo
sub-10206,GO,523.1,0.0,SuccessfulGo
sub-10206,GO,0,0.0,UnuccessfulGo
sub-10206,GO,1141.9,0.0,JUNK
sub-10206,GO,304.7,0.0,SuccessfulGo
sub-10206,GO,334.6,0.0,SuccessfulGo
sub-10206,STOP,363.1,105.3,UnsuccessfulStop
sub-10206,GO,484.4,0.0,SuccessfulGo
sub-10206,GO,377.4,0.0,SuccessfulGo
sub-10206,STOP,351.4,204.2,UnsuccessfulStop
sub-10217,GO,384.5,0.0,SuccessfulGo
sub-10217,GO,372.8,0.0,SuccessfulGo
sub-10217,GO,318.8,0.0,SuccessfulGo
sub-10217,GO,374.8,0.0,SuccessfulGo
sub-10217,GO,332.9,0.0,SuccessfulGo
sub-10217,GO,296.2,0.0,SuccessfulGo
sub-10217,STOP,0,450.5,SuccessfulStop
sub-10217,STOP,309.9,52.6,UnsuccessfulStop
sub-10217,STOP,315.9,105.3,UnsuccessfulStop
sub-10217,GO,365.5,0.0,SuccessfulGo
sub-10217,GO,329.5,0.0,SuccessfulGo
sub-10217,GO,368.1,0.0,SuccessfulGo
sub-10217,GO,244.0,0.0,JUNK
sub-10217,GO,360.5,0.0,SuccessfulGo
sub-10217,GO,342.6,0.0,SuccessfulGo
sub-10217,STOP,0,5.8,SuccessfulStop
sub-10217,STOP,0,51.5,SuccessfulStop
sub-10217,GO,353.0,0.0,SuccessfulGo
sub-10217,GO,293.2,0.0,SuccessfulGo
sub-10217,GO,323.8,0.0,SuccessfulGo
sub-10217,GO,273.5,0.0,SuccessfulGo
sub-10217,GO,316.7,0.0,SuccessfulGo
sub-10217,GO,239.4,0.0,SuccessfulGo
sub-10217,STOP,294.4,52.2,UnsuccessfulStop
sub-10217,STOP,0,5.8,SuccessfulStop
sub-10217,STOP,0,105.5,SuccessfulStop
sub-10217,GO,334.1,0.0,SuccessfulGo
sub-10217,GO,334.4,0.0,SuccessfulGo
sub-10217,GO,298.7,0.0,SuccessfulGo
sub-10217,GO,289.2,0.0,SuccessfulGo
sub-10217,GO,329.2,0.0,SuccessfulGo
sub-10217,GO,306.6,0.0,SuccessfulGo
sub-10217,GO,249.3,0.0,JUNK
sub-10217,STOP,431.8,51.7,UnsuccessfulStop
sub-10217,GO,339.7,0.0,SuccessfulGo
sub-10217,GO,356.3,0.0,SuccessfulGo
sub-10217,GO,405.1,0.0,SuccessfulGo
sub-10217,GO,449.9,0.0,SuccessfulGo
sub-10217,STOP,324.0,151.6,UnsuccessfulStop
sub-10217,GO,361.6,0.0,SuccessfulGo
sub-10217,GO,350.2,0.0,SuccessfulGo
sub-10217,GO,363.4,0.0,SuccessfulGo
sub-10217,GO,311.9,0.0,SuccessfulGo
sub-10217,GO,297.5,0.0,SuccessfulGo
sub-10217,GO,302.8,0.0,SuccessfulGo
sub-10217,GO,336.3,0.0,SuccessfulGo
sub-10217,STOP,0,102.4,SuccessfulStop
sub-10217,STOP,307.7,5.8,UnsuccessfulStop
sub-10217,STOP,0,153.0,SuccessfulStop
sub-10217,GO,367.6,0.0,SuccessfulGo
sub-10217,GO,370.0,0.0,SuccessfulGo
sub-10217,GO,273.9,0.0,SuccessfulGo
sub-10217,GO,376.5,0.0,SuccessfulGo
sub-10217,STOP,0,5.8,SuccessfulStop
sub-10217,GO,278.2,0.0,SuccessfulGo
sub-10217,GO,367.3,0.0,SuccessfulGo
sub-10217,GO,409.6,0.0,SuccessfulGo
sub-10217,STOP,253.6,51.7,UnsuccessfulStop
sub-10217,STOP,0,203.9,SuccessfulStop
sub-10217,GO,379.9,0.0,SuccessfulGo
sub-10217,GO,338.1,0.0,SuccessfulGo
sub-10217,GO,339.7,0.0,SuccessfulGo
sub-10217,GO,346.8,0.0,SuccessfulGo
sub-10217,GO,328.3,0.0,JUNK
sub-10217,GO,403.9,0.0,SuccessfulGo
sub-10217,GO,331.2,0.0,SuccessfulGo
sub-10217,GO,386.1,0.0,SuccessfulGo
sub-10217,GO,327.2,0.0,SuccessfulGo
sub-10217,STOP,0,254.8,SuccessfulStop
sub-10217,STOP,315.9,5.9,UnsuccessfulStop
sub-10217,GO,457.7,0.0,SuccessfulGo
sub-10217,GO,316.0,0.0,SuccessfulGo
sub-10217,GO,308.9,0.0,SuccessfulGo
sub-10217,GO,438.3,0.0,SuccessfulGo
sub-10217,GO,336.3,0.0,SuccessfulGo
sub-10217,GO,448.1,0.0,SuccessfulGo
sub-10217,STOP,0,5.9,SuccessfulStop
sub-10217,GO,335.0,0.0,SuccessfulGo
sub-10217,STOP,389.7,305.5,UnsuccessfulStop
sub-10217,GO,405.4,0.0,SuccessfulGo
sub-10217,STOP,410.7,253.6,UnsuccessfulStop
sub-10217,GO,391.0,0.0,SuccessfulGo
sub-10217,STOP,0,52.5,SuccessfulStop
sub-10217,GO,305.9,0.0,SuccessfulGo
sub-10217,GO,305.0,0.0,SuccessfulGo
sub-10217,GO,280.2,0.0,SuccessfulGo
sub-10217,GO,352.1,0.0,SuccessfulGo
sub-10217,GO,373.5,0.0,SuccessfulGo
sub-10217,GO,323.8,0.0,SuccessfulGo
sub-10217,STOP,349.6,102.3,UnsuccessfulStop
sub-10217,GO,343.4,0.0,SuccessfulGo
sub-10217,GO,250.2,0.0,SuccessfulGo
sub-10217,GO,426.1,0.0,SuccessfulGo
sub-10217,GO,341.6,0.0,SuccessfulGo
sub-10217,STOP,328.6,205.7,UnsuccessfulStop
sub-10217,GO,366.2,0.0,SuccessfulGo
sub-10217,GO,405.4,0.0,SuccessfulGo
sub-10217,GO,284.5,0.0,SuccessfulGo
sub-10217,GO,344.4,0.0,SuccessfulGo
sub-10217,STOP,332.8,152.1,UnsuccessfulStop
sub-10217,STOP,274.1,51.7,UnsuccessfulStop
sub-10217,GO,415.4,0.0,SuccessfulGo
sub-10217,GO,296.9,0.0,SuccessfulGo
sub-10217,GO,304.4,0.0,SuccessfulGo
sub-10217,STOP,312.8,6.5,UnsuccessfulStop
sub-10217,STOP,324.0,103.6,UnsuccessfulStop
sub-10217,GO,329.7,0.0,SuccessfulGo
sub-10217,GO,317.6,0.0,SuccessfulGo
sub-10217,GO,371.2,0.0,SuccessfulGo
sub-10217,GO,432.3,0.0,SuccessfulGo
sub-10217,GO,396.9,0.0,SuccessfulGo
sub-10217,GO,412.0,0.0,SuccessfulGo
sub-10217,GO,387.4,0.0,SuccessfulGo
sub-10217,STOP,0,5.9,SuccessfulStop
sub-10217,GO,363.6,0.0,SuccessfulGo
sub-10217,STOP,0,51.8,SuccessfulStop
sub-10217,GO,359.7,0.0,SuccessfulGo
sub-10217,GO,420.7,0.0,JUNK
sub-10217,GO,370.4,0.0,SuccessfulGo
sub-10217,GO,335.2,0.0,SuccessfulGo
sub-10217,GO,366.4,0.0,SuccessfulGo
sub-10217,GO,377.5,0.0,SuccessfulGo
sub-10217,GO,265.9,0.0,SuccessfulGo
sub-10217,GO,323.9,0.0,SuccessfulGo
sub-10217,GO,308.4,0.0,SuccessfulGo
sub-10217,STOP,267.7,51.4,UnsuccessfulStop
sub-10217,STOP,403.7,105.6,UnsuccessfulStop
sub-10217,GO,487.7,0.0,SuccessfulGo
sub-10225,GO,520.9,0.0,SuccessfulGo
sub-10225,GO,424.2,0.0,SuccessfulGo
sub-10225,GO,368.0,0.0,SuccessfulGo
sub-10225,GO,405.7,0.0,SuccessfulGo
sub-10225,GO,301.1,0.0,SuccessfulGo
sub-10225,GO,410.3,0.0,SuccessfulGo
sub-10225,STOP,310.3,0.0,UnsuccessfulStop
sub-10225,STOP,341.5,0.0,UnsuccessfulStop
sub-10225,STOP,353.9,0.0,UnsuccessfulStop
sub-10225,GO,491.1,0.0,SuccessfulGo
sub-10225,STOP,589.1,304.8,UnsuccessfulStop
sub-10225,GO,313.0,0.0,SuccessfulGo
sub-10225,GO,516.3,0.0,SuccessfulGo
sub-10225,GO,620.5,0.0,SuccessfulGo
sub-10225,GO,468.9,0.0,SuccessfulGo
sub-10225,GO,750.3,0.0,SuccessfulGo
sub-10225,GO,720.8,0.0,SuccessfulGo
sub-10225,STOP,0,251.2,SuccessfulStop
sub-10225,GO,477.4,0.0,SuccessfulGo
sub-10225,STOP,839.5,354.3,UnsuccessfulStop
sub-10225,GO,478.4,0.0,SuccessfulGo
sub-10225,GO,658.7,0.0,SuccessfulGo
sub-10225,GO,856.3,0.0,SuccessfulGo
sub-10225,GO,551.7,0.0,SuccessfulGo
sub-10225,GO,499.2,0.0,SuccessfulGo
sub-10225,GO,0,0.0,UnuccessfulGo
sub-10225,GO,586.4,0.0,JUNK
sub-10225,GO,308.8,0.0,SuccessfulGo
sub-10225,STOP,433.5,302.6,UnsuccessfulStop
sub-10225,STOP,367.3,303.1,UnsuccessfulStop
sub-10225,GO,556.8,0.0,SuccessfulGo
sub-10225,GO,585.9,0.0,SuccessfulGo
sub-10225,GO,0,0.0,UnuccessfulGo
sub-10225,GO,404.1,0.0,SuccessfulGo
sub-10225,GO,551.3,0.0,SuccessfulGo
sub-10225,GO,984.8,0.0,SuccessfulGo
sub-10225,GO,716.1,0.0,SuccessfulGo
sub-10225,GO,776.2,0.0,SuccessfulGo
sub-10225,STOP,0,251.3,SuccessfulStop
sub-10225,STOP,1275.6,255.3,UnsuccessfulStop
sub-10225,GO,539.7,0.0,SuccessfulGo
sub-10225,GO,489.8,0.0,SuccessfulGo
sub-10225,GO,610.4,0.0,SuccessfulGo
sub-10225,GO,474.2,0.0,SuccessfulGo
sub-10225,STOP,404.1,203.3,UnsuccessfulStop
sub-10225,GO,843.8,0.0,SuccessfulGo
sub-10225,GO,0,0.0,UnuccessfulGo
sub-10225,STOP,0,302.7,SuccessfulStop
sub-10225,GO,500.3,0.0,SuccessfulGo
sub-10225,STOP,0,354.5,SuccessfulStop
sub-10225,GO,0,0.0,UnuccessfulGo
sub-10225,GO,524.4,0.0,SuccessfulGo
sub-10225,GO,548.2,0.0,SuccessfulGo
sub-10225,GO,0,0.0,UnuccessfulGo
sub-10225,GO,615.5,0.0,SuccessfulGo
sub-10225,STOP,0,152.7,SuccessfulStop
sub-10225,STOP,0,401.9,SuccessfulStop
sub-10225,STOP,0,200.6,SuccessfulStop
sub-10225,GO,0,0.0,UnuccessfulGo
sub-10225,GO,0,0.0,UnuccessfulGo
sub-10225,GO,0,0.0,UnuccessfulGo
sub-10225,GO,373.2,0.0,SuccessfulGo
sub-10225,GO,458.5,0.0,SuccessfulGo
sub-10225,GO,426.2,0.0,SuccessfulGo
sub-10225,GO,386.3,0.0,SuccessfulGo
sub-10225,STOP,542.9,453.3,UnsuccessfulStop
sub-10225,GO,1171.5,0.0,SuccessfulGo
sub-10225,GO,391.7,0.0,SuccessfulGo
sub-10225,STOP,0,252.2,SuccessfulStop
sub-10225,GO,0,0.0,UnuccessfulGo
sub-10225,GO,348.0,0.0,SuccessfulGo
sub-10225,GO,1146.2,0.0,SuccessfulGo
sub-10225,GO,0,0.0,UnuccessfulGo
sub-10225,GO,0,0.0,UnuccessfulGo
sub-10225,GO,420.4,0.0,SuccessfulGo
sub-10225,GO,481.6,0.0,SuccessfulGo
sub-10225,STOP,556.3,402.8,UnsuccessfulStop
sub-10225,STOP,0,302.0,SuccessfulStop
sub-10225,GO,0,0.0,UnuccessfulGo
sub-10225,GO,1150.1,0.0,SuccessfulGo
sub-10225,GO,0,0.0,UnuccessfulGo
sub-10225,GO,0,0.0,UnuccessfulGo
sub-10225,GO,1152.4,0.0,SuccessfulGo
sub-10225,GO,390.3,0.0,SuccessfulGo
sub-10225,STOP,411.8,354.7,UnsuccessfulStop
sub-10225,GO,565.9,0.0,SuccessfulGo
sub-10225,GO,928.9,0.0,SuccessfulGo
sub-10225,STOP,0,353.1,SuccessfulStop
sub-10225,GO,0,0.0,UnuccessfulGo
sub-10225,GO,1065.6,0.0,SuccessfulGo
sub-10225,GO,0,0.0,UnuccessfulGo
sub-10225,GO,0,0.0,UnuccessfulGo
sub-10225,GO,456.3,0.0,SuccessfulGo
sub-10225,GO,0,0.0,UnuccessfulGo
sub-10225,STOP,0,303.3,SuccessfulStop
sub-10225,STOP,416.2,404.2,UnsuccessfulStop
sub-10225,STOP,531.8,350.8,UnsuccessfulStop
sub-10225,STOP,0,352.1,SuccessfulStop
sub-10225,GO,0,0.0,UnuccessfulGo
sub-10225,GO,957.7,0.0,SuccessfulGo
sub-10225,GO,0,0.0,UnuccessfulGo
sub-10225,GO,0,0.0,UnuccessfulGo
sub-10225,GO,454.5,0.0,SuccessfulGo
sub-10225,GO,0,0.0,UnuccessfulGo
sub-10225,GO,0,0.0,UnuccessfulGo
sub-10225,GO,0,0.0,UnuccessfulGo
sub-10225,GO,0,0.0,UnuccessfulGo
sub-10225,GO,0,0.0,UnuccessfulGo
sub-10225,GO,0,0.0,UnuccessfulGo
sub-10225,STOP,0,301.9,SuccessfulStop
sub-10225,STOP,422.8,400.3,UnsuccessfulStop
sub-10225,GO,452.8,0.0,SuccessfulGo
sub-10225,GO,535.8,0.0,SuccessfulGo
sub-10225,STOP,0,351.5,SuccessfulStop
sub-10225,GO,0,0.0,UnuccessfulGo
sub-10225,STOP,0,354.6,SuccessfulStop
sub-10225,GO,514.8,0.0,SuccessfulGo
sub-10225,GO,0,0.0,UnuccessfulGo
sub-10225,GO,0,0.0,UnuccessfulGo
sub-10225,GO,0,0.0,UnuccessfulGo
sub-10225,STOP,473.7,401.5,UnsuccessfulStop
sub-10225,GO,499.4,0.0,SuccessfulGo
sub-10225,GO,1095.9,0.0,SuccessfulGo
sub-10225,GO,4.3,0.0,JUNK
sub-10225,STOP,539.8,402.0,UnsuccessfulStop
sub-10225,GO,978.0,0.0,SuccessfulGo
sub-10225,GO,600.1,0.0,SuccessfulGo
sub-10225,GO,844.9,0.0,SuccessfulGo
sub-10235,GO,874.9,0.0,SuccessfulGo
sub-10235,STOP,405.0,353.5,UnsuccessfulStop
sub-10235,STOP,0,250.8,SuccessfulStop
sub-10235,GO,595.6,0.0,SuccessfulGo
sub-10235,GO,385.6,0.0,SuccessfulGo
sub-10235,GO,399.7,0.0,SuccessfulGo
sub-10235,GO,487.7,0.0,SuccessfulGo
sub-10235,GO,280.9,0.0,JUNK
sub-10235,GO,651.2,0.0,SuccessfulGo
sub-10235,STOP,474.7,304.3,UnsuccessfulStop
sub-10235,GO,519.8,0.0,SuccessfulGo
sub-10235,GO,387.8,0.0,SuccessfulGo
sub-10235,GO,539.8,0.0,SuccessfulGo
sub-10235,GO,467.5,0.0,SuccessfulGo
sub-10235,GO,354.7,0.0,SuccessfulGo
sub-10235,STOP,365.8,302.4,UnsuccessfulStop
sub-10235,GO,690.0,0.0,SuccessfulGo
sub-10235,GO,392.6,0.0,SuccessfulGo
sub-10235,GO,345.4,0.0,SuccessfulGo
sub-10235,GO,479.6,0.0,SuccessfulGo
sub-10235,GO,460.8,0.0,SuccessfulGo
sub-10235,STOP,346.7,251.2,UnsuccessfulStop
sub-10235,STOP,0,254.2,SuccessfulStop
sub-10235,GO,582.8,0.0,SuccessfulGo
sub-10235,GO,400.7,0.0,SuccessfulGo
sub-10235,GO,421.6,0.0,SuccessfulGo
sub-10235,GO,476.0,0.0,SuccessfulGo
sub-10235,GO,438.8,0.0,SuccessfulGo
sub-10235,STOP,421.3,200.3,UnsuccessfulStop
sub-10235,STOP,401.7,302.2,UnsuccessfulStop
sub-10235,GO,499.4,0.0,SuccessfulGo
sub-10235,GO,401.0,0.0,SuccessfulGo
sub-10235,GO,375.2,0.0,SuccessfulGo
sub-10235,GO,436.4,0.0,SuccessfulGo
sub-10235,GO,366.2,0.0,SuccessfulGo
sub-10235,GO,421.8,0.0,SuccessfulGo
sub-10235,GO,337.5,0.0,SuccessfulGo
sub-10235,GO,897.6,0.0,SuccessfulGo
sub-10235,STOP,453.6,151.4,UnsuccessfulStop
sub-10235,STOP,0,252.7,SuccessfulStop
sub-10235,GO,415.6,0.0,SuccessfulGo
sub-10235,STOP,489.8,300.6,UnsuccessfulStop
sub-10235,STOP,474.3,103.2,UnsuccessfulStop
sub-10235,GO,480.8,0.0,SuccessfulGo
sub-10235,GO,428.2,0.0,SuccessfulGo
sub-10235,GO,474.7,0.0,SuccessfulGo
sub-10235,GO,426.7,0.0,SuccessfulGo
sub-10235,GO,501.0,0.0,SuccessfulGo
sub-10235,GO,441.3,0.0,SuccessfulGo
sub-10235,STOP,442.9,254.3,UnsuccessfulStop
sub-10235,STOP,0,54.3,SuccessfulStop
sub-10235,GO,808.6,0.0,SuccessfulGo
sub-10235,GO,525.2,0.0,SuccessfulGo
sub-10235,GO,629.0,0.0,JUNK
sub-10235,GO,414.5,0.0,SuccessfulGo
sub-10235,GO,580.6,0.0,SuccessfulGo
sub-10235,GO,530.4,0.0,SuccessfulGo
sub-10235,STOP,372.3,103.3,UnsuccessfulStop
sub-10235,GO,674.8,0.0,SuccessfulGo
sub-10235,GO,432.9,0.0,SuccessfulGo
sub-10235,GO,383.5,0.0,SuccessfulGo
sub-10235,GO,419.7,0.0,SuccessfulGo
sub-10235,STOP,333.0,204.2,UnsuccessfulStop
sub-10235,GO,389.6,0.0,SuccessfulGo
sub-10235,STOP,0,52.5,SuccessfulStop
sub-10235,STOP,457.3,151.9,UnsuccessfulStop
sub-10235,GO,858.7,0.0,SuccessfulGo
sub-10235,GO,484.1,0.0,SuccessfulGo
sub-10235,GO,454.1,0.0,SuccessfulGo
sub-10235,GO,472.1,0.0,SuccessfulGo
sub-10235,GO,439.0,0.0,SuccessfulGo
sub-10235,GO,321.8,0.0,SuccessfulGo
sub-10235,GO,572.4,0.0,SuccessfulGo
sub-10235,STOP,417.0,103.0,UnsuccessfulStop
sub-10235,GO,503.0,0.0,SuccessfulGo
sub-10235,GO,325.8,0.0,SuccessfulGo
sub-10235,GO,472.8,0.0,SuccessfulGo
sub-10235,STOP,0,101.9,SuccessfulStop
sub-10235,GO,521.4,0.0,SuccessfulGo
sub-10235,GO,787.2,0.0,SuccessfulGo
sub-10235,GO,352.9,0.0,SuccessfulGo
sub-10235,STOP,0,51.0,SuccessfulStop
sub-10235,GO,436.5,0.0,SuccessfulGo
sub-10235,GO,385.8,0.0,SuccessfulGo
sub-10235,GO,437.9,0.0,SuccessfulGo
sub-10235,GO,429.7,0.0,SuccessfulGo
sub-10235,STOP,345.0,150.8,UnsuccessfulStop
sub-10235,GO,617.6,0.0,SuccessfulGo
sub-10235,GO,453.6,0.0,SuccessfulGo
sub-10235,GO,442.7,0.0,SuccessfulGo
sub-10235,GO,379.1,0.0,SuccessfulGo
sub-10235,GO,342.6,0.0,SuccessfulGo
sub-10235,GO,332.9,0.0,SuccessfulGo
sub-10235,GO,537.1,0.0,SuccessfulGo
sub-10235,STOP,344.5,104.2,UnsuccessfulStop
sub-10235,STOP,0,102.2,SuccessfulStop
sub-10235,STOP,0,152.2,SuccessfulStop
sub-10235,GO,499.1,0.0,SuccessfulGo
sub-10235,GO,357.9,0.0,SuccessfulGo
sub-10235,GO,575.3,0.0,SuccessfulGo
sub-10235,GO,415.9,0.0,SuccessfulGo
sub-10235,GO,397.0,0.0,SuccessfulGo
sub-10235,STOP,339.7,54.2,UnsuccessfulStop
sub-10235,GO,516.8,0.0,SuccessfulGo
sub-10235,GO,419.9,0.0,SuccessfulGo
sub-10235,GO,418.3,0.0,SuccessfulGo
sub-10235,GO,491.4,0.0,SuccessfulGo
sub-10235,GO,492.1,0.0,SuccessfulGo
sub-10235,GO,599.3,0.0,SuccessfulGo
sub-10235,STOP,0,5.8,SuccessfulStop
sub-10235,STOP,0,203.9,SuccessfulStop
sub-10235,GO,697.2,0.0,SuccessfulGo
sub-10235,STOP,0,53.9,SuccessfulStop
sub-10235,GO,461.3,0.0,SuccessfulGo
sub-10235,GO,398.8,0.0,SuccessfulGo
sub-10235,GO,383.3,0.0,SuccessfulGo
sub-10235,GO,557.6,0.0,SuccessfulGo
sub-10235,GO,531.5,0.0,SuccessfulGo
sub-10235,GO,428.0,0.0,SuccessfulGo
sub-10235,STOP,413.3,250.8,UnsuccessfulStop
sub-10235,STOP,0,103.1,SuccessfulStop
sub-10235,GO,706.3,0.0,SuccessfulGo
sub-10235,GO,383.3,0.0,SuccessfulGo
sub-10235,GO,461.5,0.0,SuccessfulGo
sub-10235,GO,603.0,0.0,SuccessfulGo
sub-10235,GO,493.9,0.0,SuccessfulGo
sub-10235,STOP,0,202.4,SuccessfulStop
sub-10235,GO,631.3,0.0,SuccessfulGo
sub-10249,GO,744.8,0.0,SuccessfulGo
sub-10249,STOP,435.8,0.0,UnsuccessfulStop
sub-10249,STOP,561.5,353.9,UnsuccessfulStop
sub-10249,GO,659.6,0.0,SuccessfulGo
sub-10249,GO,288.0,0.0,SuccessfulGo
sub-10249,GO,440.9,0.0,SuccessfulGo
sub-10249,GO,398.2,0.0,SuccessfulGo
sub-10249,GO,445.1,0.0,SuccessfulGo
sub-10249,STOP,428.9,403.2,UnsuccessfulStop
sub-10249,STOP,259.1,0.0,UnsuccessfulStop
sub-10249,GO,366.6,0.0,SuccessfulGo
sub-10249,GO,724.5,0.0,SuccessfulGo
sub-10249,GO,413.2,0.0,SuccessfulGo
sub-10249,GO,518.8,0.0,SuccessfulGo
sub-10249,GO,599.1,0.0,SuccessfulGo
sub-10249,GO,0,0.0,UnuccessfulGo
sub-10249,GO,337.2,0.0,SuccessfulGo
sub-10249,GO,723.6,0.0,SuccessfulGo
sub-10249,GO,573.2,0.0,SuccessfulGo
sub-10249,GO,323.8,0.0,SuccessfulGo
sub-10249,GO,448.5,0.0,SuccessfulGo
sub-10249,STOP,490.2,350.9,UnsuccessfulStop
sub-10249,GO,567.9,0.0,SuccessfulGo
sub-10249,STOP,0,250.5,SuccessfulStop
sub-10249,GO,551.3,0.0,SuccessfulGo
sub-10249,GO,696.9,0.0,SuccessfulGo
sub-10249,STOP,0,302.4,SuccessfulStop
sub-10249,GO,235.0,0.0,SuccessfulGo
sub-10249,GO,308.1,0.0,SuccessfulGo
sub-10249,GO,256.8,0.0,SuccessfulGo
sub-10249,STOP,512.2,305.9,UnsuccessfulStop
sub-10249,GO,559.6,0.0,SuccessfulGo
sub-10249,GO,0,0.0,UnuccessfulGo
sub-10249,GO,1115.5,0.0,SuccessfulGo
sub-10249,GO,333.9,0.0,SuccessfulGo
sub-10249,GO,482.1,0.0,SuccessfulGo
sub-10249,GO,478.1,0.0,SuccessfulGo
sub-10249,STOP,0,254.8,SuccessfulStop
sub-10249,STOP,344.8,0.0,UnsuccessfulStop
sub-10249,GO,578.4,0.0,SuccessfulGo
sub-10249,GO,863.9,0.0,SuccessfulGo
sub-10249,GO,772.9,0.0,SuccessfulGo
sub-10249,GO,592.8,0.0,SuccessfulGo
sub-10249,STOP,491.7,300.5,UnsuccessfulStop
sub-10249,GO,647.0,0.0,SuccessfulGo
sub-10249,GO,375.6,0.0,SuccessfulGo
sub-10249,STOP,0,303.4,SuccessfulStop
sub-10249,GO,407.2,0.0,SuccessfulGo
sub-10249,GO,1059.5,0.0,SuccessfulGo
sub-10249,STOP,392.4,351.9,UnsuccessfulStop
sub-10249,STOP,335.2,250.5,UnsuccessfulStop
sub-10249,GO,606.6,0.0,SuccessfulGo
sub-10249,GO,1144.7,0.0,SuccessfulGo
sub-10249,GO,373.5,0.0,SuccessfulGo
sub-10249,GO,453.4,0.0,SuccessfulGo
sub-10249,GO,431.5,0.0,SuccessfulGo
sub-10249,GO,612.3,0.0,SuccessfulGo
sub-10249,GO,372.9,0.0,SuccessfulGo
sub-10249,GO,0,0.0,UnuccessfulGo
sub-10249,GO,642.1,0.0,SuccessfulGo
sub-10249,GO,366.9,0.0,SuccessfulGo
sub-10249,GO,483.4,0.0,SuccessfulGo
sub-10249,STOP,0,301.4,SuccessfulStop
sub-10249,STOP,363.7,200.6,UnsuccessfulStop
sub-10249,STOP,0,151.6,SuccessfulStop
sub-10249,GO,542.5,0.0,SuccessfulGo
sub-10249,GO,823.6,0.0,SuccessfulGo
sub-10249,STOP,0,352.9,SuccessfulStop
sub-10249,GO,0,0.0,UnuccessfulGo
sub-10249,GO,0,0.0,UnuccessfulGo
sub-10249,GO,378.6,0.0,SuccessfulGo
sub-10249,GO,627.1,0.0,SuccessfulGo
sub-10249,GO,441.4,0.0,SuccessfulGo
sub-10249,GO,406.5,0.0,SuccessfulGo
sub-10249,GO,632.5,0.0,SuccessfulGo
sub-10249,GO,653.4,0.0,SuccessfulGo
sub-10249,STOP,483.7,202.2,UnsuccessfulStop
sub-10249,STOP,419.4,401.2,UnsuccessfulStop
sub-10249,GO,722.2,0.0,SuccessfulGo
sub-10249,GO,415.6,0.0,SuccessfulGo
sub-10249,GO,657.3,0.0,SuccessfulGo
sub-10249,STOP,366.4,354.3,UnsuccessfulStop
sub-10249,GO,545.5,0.0,SuccessfulGo
sub-10249,GO,642.3,0.0,SuccessfulGo
sub-10249,GO,371.1,0.0,SuccessfulGo
sub-10249,STOP,0,152.8,SuccessfulStop
sub-10249,GO,449.2,0.0,SuccessfulGo
sub-10249,GO,355.5,0.0,SuccessfulGo
sub-10249,GO,523.3,0.0,SuccessfulGo
sub-10249,GO,595.2,0.0,SuccessfulGo
sub-10249,GO,679.3,0.0,JUNK
sub-10249,GO,551.8,0.0,SuccessfulGo
sub-10249,GO,583.3,0.0,SuccessfulGo
sub-10249,GO,305.5,0.0,SuccessfulGo
sub-10249,STOP,405.1,302.2,UnsuccessfulStop
sub-10249,STOP,315.3,202.5,UnsuccessfulStop
sub-10249,STOP,711.6,253.9,UnsuccessfulStop
sub-10249,GO,1012.2,0.0,SuccessfulGo
sub-10249,STOP,0,152.5,SuccessfulStop
sub-10249,GO,0,0.0,UnuccessfulGo
sub-10249,GO,640.3,0.0,SuccessfulGo
sub-10249,GO,418.2,0.0,SuccessfulGo
sub-10249,GO,364.1,0.0,SuccessfulGo
sub-10249,GO,556.4,0.0,SuccessfulGo
sub-10249,GO,0,0.0,UnuccessfulGo
sub-10249,GO,328.7,0.0,SuccessfulGo
sub-10249,GO,0,0.0,UnuccessfulGo
sub-10249,GO,434.9,0.0,SuccessfulGo
sub-10249,GO,519.5,0.0,SuccessfulGo
sub-10249,STOP,476.6,202.5,UnsuccessfulStop
sub-10249,GO,371.9,0.0,SuccessfulGo
sub-10249,STOP,570.9,201.2,UnsuccessfulStop
sub-10249,GO,813.2,0.0,SuccessfulGo
sub-10249,STOP,0,152.7,SuccessfulStop
sub-10249,STOP,0,153.5,SuccessfulStop
sub-10249,GO,1037.4,0.0,SuccessfulGo
sub-10249,GO,419.9,0.0,SuccessfulGo
sub-10249,GO,730.0,0.0,SuccessfulGo
sub-10249,GO,699.5,0.0,SuccessfulGo
sub-10249,GO,739.5,0.0,SuccessfulGo
sub-10249,STOP,330.9,204.9,UnsuccessfulStop
sub-10249,STOP,0,204.7,SuccessfulStop
sub-10249,GO,515.4,0.0,SuccessfulGo
sub-10249,GO,0,0.0,UnuccessfulGo
sub-10249,GO,0,0.0,UnuccessfulGo
sub-10249,GO,476.1,0.0,SuccessfulGo
sub-10249,GO,402.5,0.0,SuccessfulGo
sub-10249,GO,403.2,0.0,SuccessfulGo
sub-10280,STOP,0,152.5,SuccessfulStop
sub-10280,STOP,0,153.5,SuccessfulStop
sub-10280,GO,467.6,0.0,SuccessfulGo
sub-10280,GO,367.7,0.0,SuccessfulGo
sub-10280,GO,443.2,0.0,SuccessfulGo
sub-10280,GO,397.6,0.0,SuccessfulGo
sub-10280,GO,376.6,0.0,SuccessfulGo
sub-10280,GO,381.8,0.0,SuccessfulGo
sub-10280,GO,393.4,0.0,SuccessfulGo
sub-10280,STOP,412.1,202.2,UnsuccessfulStop
sub-10280,GO,333.0,0.0,SuccessfulGo
sub-10280,GO,368.2,0.0,SuccessfulGo
sub-10280,GO,453.8,0.0,SuccessfulGo
sub-10280,GO,594.7,0.0,SuccessfulGo
sub-10280,STOP,493.9,203.3,UnsuccessfulStop
sub-10280,GO,369.2,0.0,SuccessfulGo
sub-10280,GO,303.4,0.0,SuccessfulGo
sub-10280,GO,474.7,0.0,SuccessfulGo
sub-10280,GO,311.9,0.0,JUNK
sub-10280,GO,440.4,0.0,SuccessfulGo
sub-10280,GO,362.0,0.0,SuccessfulGo
sub-10280,STOP,330.8,151.3,UnsuccessfulStop
sub-10280,STOP,332.4,153.9,UnsuccessfulStop
sub-10280,GO,441.4,0.0,SuccessfulGo
sub-10280,GO,439.2,0.0,SuccessfulGo
sub-10280,GO,344.1,0.0,SuccessfulGo
sub-10280,GO,437.4,0.0,SuccessfulGo
sub-10280,GO,478.4,0.0,SuccessfulGo
sub-10280,GO,363.1,0.0,JUNK
sub-10280,GO,331.3,0.0,SuccessfulGo
sub-10280,STOP,0,103.3,SuccessfulStop
sub-10280,STOP,0,103.5,SuccessfulStop
sub-10280,STOP,0,150.4,SuccessfulStop
sub-10280,STOP,403.3,152.7,UnsuccessfulStop
sub-10280,GO,431.0,0.0,SuccessfulGo
sub-10280,GO,289.1,0.0,SuccessfulGo
sub-10280,GO,313.5,0.0,SuccessfulGo
sub-10280,GO,315.5,0.0,SuccessfulGo
sub-10280,GO,270.3,0.0,SuccessfulGo
sub-10280,GO,307.3,0.0,SuccessfulGo
sub-10280,GO,377.2,0.0,JUNK
sub-10280,GO,317.4,0.0,SuccessfulGo
sub-10280,GO,423.4,0.0,SuccessfulGo
sub-10280,GO,445.1,0.0,SuccessfulGo
sub-10280,GO,321.7,0.0,SuccessfulGo
sub-10280,GO,334.0,0.0,SuccessfulGo
sub-10280,STOP,0,203.3,SuccessfulStop
sub-10280,STOP,0,104.7,SuccessfulStop
sub-10280,GO,440.6,0.0,SuccessfulGo
sub-10280,GO,389.5,0.0,SuccessfulGo
sub-10280,GO,426.1,0.0,SuccessfulGo
sub-10280,STOP,317.1,150.5,UnsuccessfulStop
sub-10280,GO,451.9,0.0,SuccessfulGo
sub-10280,GO,461.3,0.0,SuccessfulGo
sub-10280,GO,454.8,0.0,SuccessfulGo
sub-10280,STOP,450.9,252.1,UnsuccessfulStop
sub-10280,STOP,0,202.3,SuccessfulStop
sub-10280,GO,419.9,0.0,SuccessfulGo
sub-10280,GO,465.6,0.0,SuccessfulGo
sub-10280,GO,341.2,0.0,SuccessfulGo
sub-10280,GO,316.2,0.0,SuccessfulGo
sub-10280,STOP,0,104.8,SuccessfulStop
sub-10280,GO,351.9,0.0,SuccessfulGo
sub-10280,GO,388.0,0.0,SuccessfulGo
sub-10280,STOP,0,251.0,SuccessfulStop
sub-10280,GO,377.8,0.0,SuccessfulGo
sub-10280,GO,418.7,0.0,SuccessfulGo
sub-10280,GO,393.1,0.0,SuccessfulGo
sub-10280,STOP,0,151.1,SuccessfulStop
sub-10280,GO,399.0,0.0,SuccessfulGo
sub-10280,GO,490.1,0.0,SuccessfulGo
sub-10280,GO,516.2,0.0,SuccessfulGo
sub-10280,GO,423.0,0.0,SuccessfulGo
sub-10280,GO,451.3,0.0,SuccessfulGo
sub-10280,GO,342.1,0.0,SuccessfulGo
sub-10280,STOP,330.0,202.1,UnsuccessfulStop
sub-10280,STOP,388.9,301.5,UnsuccessfulStop
sub-10280,GO,458.1,0.0,SuccessfulGo
sub-10280,GO,484.3,0.0,SuccessfulGo
sub-10280,GO,415.9,0.0,SuccessfulGo
sub-10280,GO,350.4,0.0,SuccessfulGo
sub-10280,GO,333.4,0.0,SuccessfulGo
sub-10280,GO,546.0,0.0,SuccessfulGo
sub-10280,GO,429.6,0.0,SuccessfulGo
sub-10280,GO,360.7,0.0,SuccessfulGo
sub-10280,GO,344.7,0.0,SuccessfulGo
sub-10280,STOP,340.8,154.3,UnsuccessfulStop
sub-10280,STOP,329.1,253.0,UnsuccessfulStop
sub-10280,STOP,0,102.9,SuccessfulStop
sub-10280,GO,384.9,0.0,SuccessfulGo
sub-10280,GO,460.1,0.0,SuccessfulGo
sub-10280,STOP,411.8,200.4,UnsuccessfulStop
sub-10280,GO,355.3,0.0,SuccessfulGo
sub-10280,GO,268.2,0.0,SuccessfulGo
sub-10280,GO,343.8,0.0,SuccessfulGo
sub-10280,GO,370.6,0.0,SuccessfulGo
sub-10280,STOP,0,152.3,SuccessfulStop
sub-10280,GO,396.5,0.0,SuccessfulGo
sub-10280,STOP,0,154.2,SuccessfulStop
sub-10280,GO,433.8,0.0,SuccessfulGo
sub-10280,GO,309.2,0.0,SuccessfulGo
sub-10280,GO,385.2,0.0,JUNK
sub-10280,GO,550.8,0.0,SuccessfulGo
sub-10280,GO,460.1,0.0,SuccessfulGo
sub-10280,STOP,407.7,204.3,UnsuccessfulStop
sub-10280,GO,382.2,0.0,SuccessfulGo
sub-10280,GO,454.6,0.0,SuccessfulGo
sub-10280,STOP,0,204.0,SuccessfulStop
sub-10280,GO,485.3,0.0,SuccessfulGo
sub-10280,GO,465.0,0.0,SuccessfulGo
sub-10280,GO,471.0,0.0,SuccessfulGo
sub-10280,GO,515.8,0.0,SuccessfulGo
sub-10280,GO,366.1,0.0,SuccessfulGo
sub-10280,GO,389.8,0.0,SuccessfulGo
sub-10280,STOP,437.8,150.6,UnsuccessfulStop
sub-10280,GO,379.8,0.0,SuccessfulGo
sub-10280,GO,423.1,0.0,SuccessfulGo
sub-10280,STOP,0,254.2,SuccessfulStop
sub-10280,GO,372.7,0.0,SuccessfulGo
sub-10280,GO,441.8,0.0,SuccessfulGo
sub-10280,GO,381.4,0.0,SuccessfulGo
sub-10280,GO,542.8,0.0,SuccessfulGo
sub-10280,GO,350.9,0.0,SuccessfulGo
sub-10280,GO,350.2,0.0,SuccessfulGo
sub-10280,GO,376.5,0.0,SuccessfulGo
sub-10280,STOP,0,103.2,SuccessfulStop
sub-10280,STOP,293.4,0.0,UnsuccessfulStop
sub-10280,GO,380.8,0.0,SuccessfulGo
sub-10292,GO,815.2,0.0,SuccessfulGo
sub-10292,STOP,482.0,353.3,UnsuccessfulStop
sub-10292,STOP,0,351.8,SuccessfulStop
sub-10292,GO,723.5,0.0,SuccessfulGo
sub-10292,GO,470.1,0.0,SuccessfulGo
sub-10292,GO,584.6,0.0,SuccessfulGo
sub-10292,GO,414.8,0.0,SuccessfulGo
sub-10292,GO,549.4,0.0,SuccessfulGo
sub-10292,GO,473.9,0.0,SuccessfulGo
sub-10292,GO,421.1,0.0,SuccessfulGo
sub-10292,STOP,423.4,303.3,UnsuccessfulStop
sub-10292,GO,448.9,0.0,SuccessfulGo
sub-10292,GO,605.5,0.0,SuccessfulGo
sub-10292,GO,398.8,0.0,SuccessfulGo
sub-10292,GO,485.8,0.0,SuccessfulGo
sub-10292,STOP,0,402.3,SuccessfulStop
sub-10292,GO,501.4,0.0,SuccessfulGo
sub-10292,GO,509.2,0.0,SuccessfulGo
sub-10292,GO,595.2,0.0,SuccessfulGo
sub-10292,GO,511.3,0.0,SuccessfulGo
sub-10292,STOP,0,254.0,SuccessfulStop
sub-10292,GO,373.7,0.0,SuccessfulGo
sub-10292,GO,576.9,0.0,SuccessfulGo
sub-10292,STOP,533.0,450.9,UnsuccessfulStop
sub-10292,STOP,0,301.9,SuccessfulStop
sub-10292,GO,566.9,0.0,SuccessfulGo
sub-10292,GO,646.6,0.0,SuccessfulGo
sub-10292,GO,302.8,0.0,SuccessfulGo
sub-10292,STOP,0,402.7,SuccessfulStop
sub-10292,GO,626.4,0.0,SuccessfulGo
sub-10292,GO,634.2,0.0,SuccessfulGo
sub-10292,GO,516.8,0.0,SuccessfulGo
sub-10292,GO,585.1,0.0,SuccessfulGo
sub-10292,GO,627.8,0.0,SuccessfulGo
sub-10292,GO,550.3,0.0,SuccessfulGo
sub-10292,GO,508.2,0.0,SuccessfulGo
sub-10292,GO,482.5,0.0,SuccessfulGo
sub-10292,STOP,344.6,0.0,UnsuccessfulStop
sub-10292,STOP,0,353.8,SuccessfulStop
sub-10292,GO,596.4,0.0,SuccessfulGo
sub-10292,STOP,0,401.8,SuccessfulStop
sub-10292,GO,348.7,0.0,SuccessfulGo
sub-10292,STOP,0,400.5,SuccessfulStop
sub-10292,GO,579.8,0.0,SuccessfulGo
sub-10292,GO,432.9,0.0,SuccessfulGo
sub-10292,GO,490.5,0.0,SuccessfulGo
sub-10292,GO,332.4,0.0,SuccessfulGo
sub-10292,GO,530.4,0.0,SuccessfulGo
sub-10292,GO,436.5,0.0,SuccessfulGo
sub-10292,GO,514.9,0.0,SuccessfulGo
sub-10292,GO,499.9,0.0,SuccessfulGo
sub-10292,GO,321.3,0.0,SuccessfulGo
sub-10292,GO,355.5,0.0,SuccessfulGo
sub-10292,STOP,415.0,0.0,UnsuccessfulStop
sub-10292,GO,477.1,0.0,SuccessfulGo
sub-10292,STOP,430.5,0.0,UnsuccessfulStop
sub-10292,GO,473.0,0.0,SuccessfulGo
sub-10292,STOP,444.2,400.9,UnsuccessfulStop
sub-10292,GO,724.5,0.0,SuccessfulGo
sub-10292,GO,478.5,0.0,SuccessfulGo
sub-10292,GO,504.9,0.0,SuccessfulGo
sub-10292,GO,350.9,0.0,SuccessfulGo
sub-10292,STOP,355.6,0.0,UnsuccessfulStop
sub-10292,GO,426.0,0.0,SuccessfulGo
sub-10292,GO,351.7,0.0,SuccessfulGo
sub-10292,GO,372.9,0.0,SuccessfulGo
sub-10292,STOP,294.6,0.0,UnsuccessfulStop
sub-10292,GO,255.3,0.0,SuccessfulGo
sub-10292,GO,321.5,0.0,SuccessfulGo
sub-10292,GO,390.8,0.0,SuccessfulGo
sub-10292,GO,338.8,0.0,SuccessfulGo
sub-10292,STOP,315.0,0.0,UnsuccessfulStop
sub-10292,STOP,0,305.1,SuccessfulStop
sub-10292,GO,412.1,0.0,SuccessfulGo
sub-10292,GO,463.0,0.0,SuccessfulGo
sub-10292,GO,287.6,0.0,SuccessfulGo
sub-10292,STOP,301.0,302.4,UnsuccessfulStop
sub-10292,GO,441.0,0.0,SuccessfulGo
sub-10292,GO,366.6,0.0,SuccessfulGo
sub-10292,GO,424.5,0.0,SuccessfulGo
sub-10292,GO,477.7,0.0,SuccessfulGo
sub-10292,GO,493.8,0.0,SuccessfulGo
sub-10292,GO,392.3,0.0,SuccessfulGo
sub-10292,GO,413.1,0.0,SuccessfulGo
sub-10292,GO,406.5,0.0,SuccessfulGo
sub-10292,GO,455.5,0.0,SuccessfulGo
sub-10292,STOP,0,251.0,SuccessfulStop
sub-10292,STOP,461.8,352.2,UnsuccessfulStop
sub-10292,STOP,0,300.6,SuccessfulStop
sub-10292,STOP,0,300.4,SuccessfulStop
sub-10292,GO,572.6,0.0,SuccessfulGo
sub-10292,GO,726.0,0.0,SuccessfulGo
sub-10292,GO,640.6,0.0,SuccessfulGo
sub-10292,GO,509.0,0.0,SuccessfulGo
sub-10292,GO,485.9,0.0,SuccessfulGo
sub-10292,GO,344.9,0.0,SuccessfulGo
sub-10292,STOP,419.7,352.9,UnsuccessfulStop
sub-10292,GO,532.1,0.0,SuccessfulGo
sub-10292,STOP,426.1,354.4,UnsuccessfulStop
sub-10292,GO,596.2,0.0,SuccessfulGo
sub-10292,GO,707.1,0.0,SuccessfulGo
sub-10292,GO,461.7,0.0,SuccessfulGo
sub-10292,GO,507.6,0.0,SuccessfulGo
sub-10292,GO,349.6,0.0,SuccessfulGo
sub-10292,GO,367.1,0.0,SuccessfulGo
sub-10292,GO,469.8,0.0,SuccessfulGo
sub-10292,GO,381.2,0.0,SuccessfulGo
sub-10292,GO,452.9,0.0,SuccessfulGo
sub-10292,GO,429.7,0.0,SuccessfulGo
sub-10292,GO,418.7,0.0,SuccessfulGo
sub-10292,STOP,409.2,304.4,UnsuccessfulStop
sub-10292,STOP,0,301.6,SuccessfulStop
sub-10292,STOP,0,253.9,SuccessfulStop
sub-10292,GO,472.5,0.0,SuccessfulGo
sub-10292,GO,583.5,0.0,SuccessfulGo
sub-10292,GO,726.7,0.0,SuccessfulGo
sub-10292,GO,353.9,0.0,SuccessfulGo
sub-10292,GO,432.0,0.0,SuccessfulGo
sub-10292,GO,527.9,0.0,SuccessfulGo
sub-10292,STOP,311.4,0.0,UnsuccessfulStop
sub-10292,STOP,422.4,304.4,UnsuccessfulStop
sub-10292,GO,690.4,0.0,SuccessfulGo
sub-10292,STOP,0,302.6,SuccessfulStop
sub-10292,GO,785.7,0.0,SuccessfulGo
sub-10292,GO,728.4,0.0,SuccessfulGo
sub-10292,GO,484.4,0.0,SuccessfulGo
sub-10292,GO,362.8,0.0,SuccessfulGo
sub-10292,GO,496.0,0.0,SuccessfulGo
sub-10304,STOP,465.5,0.0,UnsuccessfulStop
sub-10304,GO,368.7,0.0,SuccessfulGo
sub-10304,GO,469.8,0.0,SuccessfulGo
sub-10304,GO,339.9,0.0,SuccessfulGo
sub-10304,GO,330.3,0.0,SuccessfulGo
sub-10304,GO,518.0,0.0,SuccessfulGo
sub-10304,GO,499.7,0.0,SuccessfulGo
sub-10304,STOP,514.9,455.5,UnsuccessfulStop
sub-10304,STOP,516.0,503.4,UnsuccessfulStop
sub-10304,STOP,566.4,401.3,UnsuccessfulStop
sub-10304,GO,696.8,0.0,SuccessfulGo
sub-10304,GO,630.5,0.0,SuccessfulGo
sub-10304,GO,857.0,0.0,SuccessfulGo
sub-10304,GO,651.2,0.0,SuccessfulGo
sub-10304,GO,343.7,0.0,SuccessfulGo
sub-10304,GO,547.4,0.0,SuccessfulGo
sub-10304,GO,541.4,0.0,SuccessfulGo
sub-10304,STOP,0,354.3,SuccessfulStop
sub-10304,GO,668.7,0.0,SuccessfulGo
sub-10304,GO,582.0,0.0,SuccessfulGo
sub-10304,STOP,618.8,452.0,UnsuccessfulStop
sub-10304,GO,778.0,0.0,SuccessfulGo
sub-10304,GO,798.9,0.0,SuccessfulGo
sub-10304,GO,663.2,0.0,SuccessfulGo
sub-10304,GO,643.9,0.0,SuccessfulGo
sub-10304,GO,653.9,0.0,SuccessfulGo
sub-10304,GO,379.5,0.0,SuccessfulGo
sub-10304,STOP,514.6,402.3,UnsuccessfulStop
sub-10304,GO,735.8,0.0,SuccessfulGo
sub-10304,GO,792.5,0.0,SuccessfulGo
sub-10304,GO,837.9,0.0,SuccessfulGo
sub-10304,STOP,0,403.5,SuccessfulStop
sub-10304,STOP,0,354.9,SuccessfulStop
sub-10304,STOP,0,451.6,SuccessfulStop
sub-10304,GO,866.6,0.0,SuccessfulGo
sub-10304,GO,614.1,0.0,SuccessfulGo
sub-10304,GO,614.4,0.0,SuccessfulGo
sub-10304,GO,632.1,0.0,SuccessfulGo
sub-10304,GO,571.2,0.0,SuccessfulGo
sub-10304,GO,736.0,0.0,SuccessfulGo
sub-10304,GO,578.9,0.0,SuccessfulGo
sub-10304,GO,621.4,0.0,SuccessfulGo
sub-10304,STOP,0,502.4,SuccessfulStop
sub-10304,GO,760.6,0.0,SuccessfulGo
sub-10304,STOP,0,400.7,SuccessfulStop
sub-10304,GO,695.0,0.0,SuccessfulGo
sub-10304,GO,726.3,0.0,SuccessfulGo
sub-10304,GO,705.5,0.0,SuccessfulGo
sub-10304,GO,649.8,0.0,SuccessfulGo
sub-10304,GO,650.9,0.0,SuccessfulGo
sub-10304,GO,652.5,0.0,SuccessfulGo
sub-10304,GO,613.4,0.0,SuccessfulGo
sub-10304,GO,643.0,0.0,SuccessfulGo
sub-10304,STOP,0,554.0,SuccessfulStop
sub-10304,GO,705.2,0.0,SuccessfulGo
sub-10304,STOP,0,454.7,SuccessfulStop
sub-10304,STOP,660.7,602.2,UnsuccessfulStop
sub-10304,STOP,0,501.1,SuccessfulStop
sub-10304,GO,720.2,0.0,SuccessfulGo
sub-10304,GO,667.7,0.0,SuccessfulGo
sub-10304,GO,692.2,0.0,SuccessfulGo
sub-10304,GO,676.8,0.0,SuccessfulGo
sub-10304,GO,547.4,0.0,SuccessfulGo
sub-10304,GO,519.1,0.0,SuccessfulGo
sub-10304,GO,652.5,0.0,SuccessfulGo
sub-10304,GO,739.2,0.0,SuccessfulGo
sub-10304,GO,588.0,0.0,SuccessfulGo
sub-10304,GO,748.0,0.0,SuccessfulGo
sub-10304,STOP,666.2,553.7,UnsuccessfulStop
sub-10304,STOP,0,551.4,SuccessfulStop
sub-10304,GO,751.8,0.0,SuccessfulGo
sub-10304,GO,738.7,0.0,SuccessfulGo
sub-10304,STOP,725.0,601.1,UnsuccessfulStop
sub-10304,GO,841.0,0.0,SuccessfulGo
sub-10304,STOP,0,500.4,SuccessfulStop
sub-10304,GO,724.2,0.0,SuccessfulGo
sub-10304,GO,759.6,0.0,SuccessfulGo
sub-10304,GO,599.3,0.0,SuccessfulGo
sub-10304,GO,672.6,0.0,SuccessfulGo
sub-10304,GO,782.6,0.0,SuccessfulGo
sub-10304,GO,684.9,0.0,SuccessfulGo
sub-10304,GO,554.3,0.0,SuccessfulGo
sub-10304,GO,712.7,0.0,SuccessfulGo
sub-10304,GO,694.6,0.0,SuccessfulGo
sub-10304,STOP,0,554.0,SuccessfulStop
sub-10304,GO,726.7,0.0,SuccessfulGo
sub-10304,STOP,0,554.5,SuccessfulStop
sub-10304,GO,873.1,0.0,SuccessfulGo
sub-10304,GO,681.2,0.0,SuccessfulGo
sub-10304,GO,461.6,0.0,SuccessfulGo
sub-10304,GO,668.4,0.0,SuccessfulGo
sub-10304,GO,549.4,0.0,SuccessfulGo
sub-10304,GO,643.2,0.0,SuccessfulGo
sub-10304,GO,718.1,0.0,SuccessfulGo
sub-10304,STOP,0,601.3,SuccessfulStop
sub-10304,STOP,0,603.1,SuccessfulStop
sub-10304,STOP,753.5,650.6,UnsuccessfulStop
sub-10304,STOP,0,651.3,SuccessfulStop
sub-10304,GO,858.6,0.0,SuccessfulGo
sub-10304,GO,695.5,0.0,SuccessfulGo
sub-10304,GO,754.0,0.0,SuccessfulGo
sub-10304,GO,798.5,0.0,SuccessfulGo
sub-10304,GO,466.5,0.0,SuccessfulGo
sub-10304,GO,651.8,0.0,SuccessfulGo
sub-10304,GO,693.8,0.0,SuccessfulGo
sub-10304,STOP,652.2,0.0,UnsuccessfulStop
sub-10304,GO,947.7,0.0,SuccessfulGo
sub-10304,GO,631.1,0.0,SuccessfulGo
sub-10304,GO,696.2,0.0,SuccessfulGo
sub-10304,GO,728.3,0.0,SuccessfulGo
sub-10304,GO,431.0,0.0,SuccessfulGo
sub-10304,STOP,0,603.8,SuccessfulStop
sub-10304,GO,753.9,0.0,SuccessfulGo
sub-10304,GO,817.9,0.0,SuccessfulGo
sub-10304,STOP,669.6,653.7,UnsuccessfulStop
sub-10304,GO,709.6,0.0,SuccessfulGo
sub-10304,STOP,786.9,651.2,UnsuccessfulStop
sub-10304,GO,909.8,0.0,SuccessfulGo
sub-10304,GO,766.3,0.0,SuccessfulGo
sub-10304,GO,877.2,0.0,SuccessfulGo
sub-10304,STOP,715.6,602.3,UnsuccessfulStop
sub-10304,GO,746.3,0.0,SuccessfulGo
sub-10304,GO,599.2,0.0,SuccessfulGo
sub-10304,STOP,0,601.5,SuccessfulStop
sub-10304,GO,831.2,0.0,SuccessfulGo
sub-10304,GO,842.2,0.0,SuccessfulGo
sub-10304,GO,766.2,0.0,SuccessfulGo
sub-10304,GO,757.9,0.0,SuccessfulGo
sub-99999,GO,21.4,0,SuccessfulGo
sub-99999,GO,15.3,0,SuccessfulGo
sub-99999,GO,17.8,0,SuccessfulGo
sub-99999,GO,17.2,0,SuccessfulGo
sub-99999,GO,22.4,0,SuccessfulGo
sub-99999,GO,21.8,0,SuccessfulGo
sub-99999,GO,23.9,0,SuccessfulGo
sub-99999,GO,15.9,0,SuccessfulGo
sub-99999,GO,19.2,0,SuccessfulGo
sub-99999,GO,15.3,0,SuccessfulGo
sub-99999,GO,17.2,0,SuccessfulGo
sub-99999,GO,20.1,0,SuccessfulGo
sub-99999,GO,15.3,0,SuccessfulGo
sub-99999,GO,17.0,0,SuccessfulGo
sub-99999,GO,21.5,0,SuccessfulGo
sub-99999,GO,20.4,0,SuccessfulGo
sub-99999,GO,17.2,0,SuccessfulGo
sub-99999,GO,20.9,0,SuccessfulGo
sub-99999,GO,23.1,0,SuccessfulGo
sub-99999,GO,15.1,0,SuccessfulGo
sub-99999,GO,23.1,0,SuccessfulGo
sub-99999,GO,22.0,0,SuccessfulGo
sub-99999,GO,18.4,0,SuccessfulGo
sub-99999,GO,16.6,0,SuccessfulGo
sub-99999,GO,24.6,0,SuccessfulGo
sub-99999,GO,18.4,0,SuccessfulGo
sub-99999,GO,15.9,0,SuccessfulGo
sub-99999,GO,16.0,0,SuccessfulGo
sub-99999,GO,23.5,0,SuccessfulGo
sub-99999,GO,21.0,0,SuccessfulGo
sub-99999,GO,23.1,0,SuccessfulGo
sub-99999,GO,22.3,0,SuccessfulGo
sub-99999,GO,20.4,0,SuccessfulGo
sub-99999,GO,24.7,0,SuccessfulGo
sub-99999,GO,18.8,0,SuccessfulGo
sub-99999,GO,20.5,0,SuccessfulGo
sub-99999,GO,23.3,0,SuccessfulGo
sub-99999,GO,21.2,0,SuccessfulGo
sub-99999,GO,23.6,0,SuccessfulGo
sub-99999,GO,20.8,0,SuccessfulGo
sub-99999,GO,22.0,0,SuccessfulGo
sub-99999,GO,15.5,0,SuccessfulGo
sub-99999,GO,17.3,0,SuccessfulGo
sub-99999,GO,17.9,0,SuccessfulGo
sub-99999,GO,15.8,0,SuccessfulGo
sub-99999,GO,17.3,0,SuccessfulGo
sub-99999,GO,16.0,0,SuccessfulGo
sub-99999,GO,17.8,0,SuccessfulGo
sub-99999,GO,21.4,0,SuccessfulGo
sub-99999,GO,18.6,0,SuccessfulGo
sub-99999,GO,18.7,0,SuccessfulGo
sub-99999,GO,17.1,0,SuccessfulGo
sub-99999,GO,17.7,0,SuccessfulGo
sub-99999,GO,24.4,0,SuccessfulGo
sub-99999,GO,21.5,0,SuccessfulGo
sub-99999,GO,21.1,0,SuccessfulGo
sub-99999,GO,16.7,0,SuccessfulGo
sub-99999,GO,22.3,0,SuccessfulGo
sub-99999,GO,16.6,0,SuccessfulGo
sub-99999,GO,18.8,0,SuccessfulGo
sub-99999,GO,24.9,0,SuccessfulGo
sub-99999,GO,21.4,0,SuccessfulGo
sub-99999,GO,20.6,0,SuccessfulGo
sub-99999,GO,21.8,0,SuccessfulGo
sub-99999,GO,23.4,0,SuccessfulGo
sub-99999,GO,22.8,0,SuccessfulGo
sub-99999,GO,17.3,0,SuccessfulGo
sub-99999,GO,15.3,0,SuccessfulGo
sub-99999,GO,18.2,0,SuccessfulGo
sub-99999,GO,17.7,0,SuccessfulGo
sub-99999,GO,17.1,0,SuccessfulGo
sub-99999,GO,24.4,0,SuccessfulGo
sub-99999,GO,23.8,0,SuccessfulGo
sub-99999,GO,18.1,0,SuccessfulGo
sub-99999,GO,21.6,0,SuccessfulGo
sub-99999,GO,19.0,0,SuccessfulGo
sub-99999,GO,24.1,0,SuccessfulGo
sub-99999,GO,19.6,0,SuccessfulGo
sub-99999,GO,17.6,0,SuccessfulGo
sub-99999,GO,17.5,0,SuccessfulGo
sub-99999,GO,20.6,0,SuccessfulGo
sub-99999,GO,17.6,0,SuccessfulGo
sub-99999,GO,20.8,0,SuccessfulGo
sub-99999,GO,24.0,0,SuccessfulGo
sub-99999,GO,19.0,0,SuccessfulGo
sub-99999,GO,17.2,0,SuccessfulGo
sub-99999,GO,25.0,0,SuccessfulGo
sub-99999,GO,20.1,0,SuccessfulGo
sub-99999,GO,15.9,0,SuccessfulGo
sub-99999,GO,15.5,0,SuccessfulGo
sub-99999,GO,16.1,0,SuccessfulGo
sub-99999,GO,21.3,0,SuccessfulGo
sub-99999,GO,22.9,0,SuccessfulGo
sub-99999,GO,19.2,0,SuccessfulGo
sub-99999,GO,15.6,0,SuccessfulGo
sub-99999,GO,18.8,0,SuccessfulGo
sub-99999,STOP,0,398.8,SuccessfulStop
sub-99999,STOP,0,258.7,SuccessfulStop
sub-99999,STOP,0,391.3,SuccessfulStop
sub-99999,STOP,0,358.2,SuccessfulStop
sub-99999,STOP,0,103.4,SuccessfulStop
sub-99999,STOP,0,316.2,SuccessfulStop
sub-99999,STOP,0,304.5,SuccessfulStop
sub-99999,STOP,0,261.1,SuccessfulStop
sub-99999,STOP,0,180.0,SuccessfulStop
sub-99999,STOP,0,292.3,SuccessfulStop
sub-99999,STOP,0,133.5,SuccessfulStop
sub-99999,STOP,0,230.4,SuccessfulStop
sub-99999,STOP,0,236.1,SuccessfulStop
sub-99999,STOP,0,386.1,SuccessfulStop
sub-99999,STOP,0,362.8,SuccessfulStop
sub-99999,STOP,0,179.0,SuccessfulStop
sub-99999,STOP,0,250.2,SuccessfulStop
sub-99999,STOP,0,153.6,SuccessfulStop
sub-99999,STOP,0,373.8,SuccessfulStop
sub-99999,STOP,0,361.2,SuccessfulStop
sub-99999,STOP,0,189.5,SuccessfulStop
sub-99999,STOP,0,291.7,SuccessfulStop
sub-99999,STOP,0,282.7,SuccessfulStop
sub-99999,STOP,0,145.9,SuccessfulStop
sub-99999,STOP,0,328.8,SuccessfulStop
sub-99999,STOP,0,261.8,SuccessfulStop
sub-99999,STOP,0,333.6,SuccessfulStop
sub-99999,STOP,0,259.1,SuccessfulStop
sub-99999,STOP,0,100.2,SuccessfulStop
sub-99999,STOP,0,197.2,SuccessfulStop
sub-99999,STOP,0,105.8,SuccessfulStop
sub-99999,STOP,0,378.7,SuccessfulStop
